x,y,value,label
19.28,24.31,5,cluster_a
23.51,24.49,1,cluster_a
21.66,23.93,5,cluster_a
20.58,25.93,9,cluster_a
23.28,25.44,3,cluster_a
14.93,25.99,9,cluster_a
20.21,24.57,7,cluster_a
12.73,23.75,7,cluster_a
24.37,24.04,7,cluster_a
21.24,28.13,2,cluster_a
22.84,18.94,0,cluster_a
16.97,21.34,8,cluster_a
23.32,20.12,8,cluster_a
14.99,24.66,5,cluster_a
20.57,28.27,7,cluster_a
21.75,27.6,7,cluster_a
16.87,22.13,4,cluster_a
22.5,24.0,13,cluster_a
15.9,20.6,8,cluster_a
27.11,27.02,8,cluster_a
27.13,24.62,1,cluster_a
17.34,28.81,1,cluster_a
20.17,26.01,5,cluster_a
23.62,27.32,12,cluster_a
23.1,22.56,4,cluster_a
15.84,28.81,4,cluster_a
19.65,28.0,3,cluster_a
18.53,17.63,2,cluster_a
17.16,26.66,9,cluster_a
19.91,26.05,6,cluster_a
25.42,28.57,6,cluster_a
14.95,28.61,7,cluster_a
26.13,24.88,11,cluster_a
18.21,31.37,6,cluster_a
17.42,20.49,5,cluster_a
27.12,28.27,8,cluster_a
8.12,27.84,7,cluster_a
17.25,22.49,5,cluster_a
28.62,20.78,4,cluster_a
26.81,23.22,4,cluster_a
20.49,20.03,6,cluster_a
13.95,28.54,6,cluster_a
31.42,26.12,10,cluster_a
13.48,24.51,6,cluster_a
28.73,18.28,8,cluster_a
22.96,31.13,8,cluster_a
20.26,22.91,2,cluster_a
20.98,24.23,12,cluster_a
16.94,26.28,1,cluster_a
18.02,26.04,8,cluster_a
27.24,24.82,2,cluster_a
22.29,27.07,7,cluster_a
16.5,29.53,6,cluster_a
23.5,30.1,7,cluster_a
21.43,33.61,6,cluster_a
18.52,25.45,10,cluster_a
20.59,27.08,9,cluster_a
17.44,18.09,6,cluster_a
21.15,22.57,8,cluster_a
23.04,21.02,7,cluster_a
19.02,19.07,7,cluster_a
19.77,22.02,7,cluster_a
22.44,22.69,7,cluster_a
25.08,22.15,7,cluster_a
20.01,34.06,0,cluster_a
23.48,23.78,5,cluster_a
29.51,24.97,12,cluster_a
17.79,26.4,4,cluster_a
16.55,25.25,5,cluster_a
21.01,16.58,12,cluster_a
19.17,31.97,2,cluster_a
21.46,37.66,3,cluster_a
12.52,22.81,7,cluster_a
23.47,30.16,5,cluster_a
11.99,23.26,9,cluster_a
22.33,17.17,5,cluster_a
26.99,33.51,7,cluster_a
21.55,20.04,3,cluster_a
20.23,27.01,7,cluster_a
17.61,20.39,3,cluster_a
14.22,27.57,0,cluster_a
18.33,26.8,10,cluster_a
20.36,29.01,4,cluster_a
16.28,22.3,10,cluster_a
24.97,26.95,15,cluster_a
19.84,27.48,6,cluster_a
18.89,34.26,10,cluster_a
13.0,23.4,7,cluster_a
23.92,19.61,0,cluster_a
10.47,24.72,5,cluster_a
21.73,21.92,2,cluster_a
9.88,26.32,7,cluster_a
24.96,28.16,5,cluster_a
26.75,24.45,4,cluster_a
17.4,22.66,0,cluster_a
20.78,26.0,4,cluster_a
16.43,26.49,11,cluster_a
20.19,22.97,4,cluster_a
19.65,19.94,5,cluster_a
20.31,32.38,8,cluster_a
25.17,22.15,8,cluster_a
14.3,26.25,7,cluster_a
16.17,33.0,7,cluster_a
10.49,27.21,4,cluster_a
20.01,26.86,7,cluster_a
9.8,20.37,8,cluster_a
26.51,32.61,11,cluster_a
9.72,28.08,0,cluster_a
28.07,26.01,2,cluster_a
30.05,27.58,0,cluster_a
21.47,22.08,6,cluster_a
17.67,30.49,1,cluster_a
21.59,32.26,3,cluster_a
21.05,25.81,3,cluster_a
23.24,25.39,3,cluster_a
28.81,28.17,5,cluster_a
16.82,21.86,9,cluster_a
19.27,26.84,5,cluster_a
23.08,24.54,8,cluster_a
19.08,28.32,8,cluster_a
19.42,21.56,3,cluster_a
16.3,21.06,8,cluster_a
19.77,31.28,12,cluster_a
20.12,18.81,4,cluster_a
19.62,19.05,5,cluster_a
21.43,23.16,3,cluster_a
16.21,32.15,5,cluster_a
15.85,23.51,8,cluster_a
16.58,26.93,8,cluster_a
23.75,30.6,4,cluster_a
25.66,21.83,4,cluster_a
25.98,28.29,6,cluster_a
14.04,27.25,4,cluster_a
15.38,22.41,6,cluster_a
9.39,26.44,6,cluster_a
17.08,29.15,7,cluster_a
16.97,22.32,8,cluster_a
12.42,23.67,4,cluster_a
20.35,25.84,6,cluster_a
25.67,25.91,5,cluster_a
13.95,27.89,7,cluster_a
27.25,22.01,6,cluster_a
19.71,24.65,6,cluster_a
11.43,28.3,7,cluster_a
25.65,34.0,5,cluster_a
19.82,25.04,11,cluster_a
11.34,26.94,1,cluster_a
7.09,16.92,1,cluster_a
25.35,21.53,5,cluster_a
14.18,27.44,2,cluster_a
26.59,21.03,3,cluster_a
20.61,25.1,10,cluster_a
20.6,20.17,4,cluster_a
17.14,27.9,7,cluster_a
19.4,28.48,4,cluster_a
19.32,25.72,10,cluster_a
19.51,23.6,2,cluster_a
23.43,22.65,7,cluster_a
10.49,29.17,2,cluster_a
16.11,29.23,1,cluster_a
19.6,25.3,3,cluster_a
26.71,31.0,0,cluster_a
12.76,28.23,2,cluster_a
18.06,25.52,8,cluster_a
18.88,25.38,3,cluster_a
26.46,23.02,7,cluster_a
17.44,25.43,5,cluster_a
19.19,20.94,8,cluster_a
27.07,25.97,8,cluster_a
24.19,28.71,6,cluster_a
21.06,28.46,6,cluster_a
15.13,25.1,0,cluster_a
19.97,26.65,9,cluster_a
20.76,28.71,5,cluster_a
14.88,19.35,3,cluster_a
13.17,27.53,5,cluster_a
22.85,25.29,9,cluster_a
25.3,22.42,5,cluster_a
17.34,18.51,8,cluster_a
25.94,24.97,4,cluster_a
25.45,15.62,6,cluster_a
20.72,22.72,10,cluster_a
24.85,23.96,5,cluster_a
18.06,22.95,2,cluster_a
26.9,29.11,8,cluster_a
14.53,33.32,11,cluster_a
20.94,21.38,3,cluster_a
22.09,21.35,5,cluster_a
25.44,18.97,12,cluster_a
27.83,20.05,1,cluster_a
18.58,20.88,5,cluster_a
7.09,24.09,11,cluster_a
14.42,23.91,1,cluster_a
23.19,24.1,11,cluster_a
21.03,23.51,7,cluster_a
17.47,19.64,6,cluster_a
19.13,25.67,7,cluster_a
17.45,26.69,11,cluster_a
14.46,31.95,5,cluster_a
16.17,34.71,6,cluster_a
26.85,28.27,0,cluster_a
20.6,22.9,1,cluster_a
11.14,25.41,7,cluster_a
21.95,23.78,3,cluster_a
15.07,22.78,2,cluster_a
18.98,24.91,3,cluster_a
18.84,21.96,5,cluster_a
22.54,25.71,7,cluster_a
11.74,23.49,6,cluster_a
23.21,18.61,6,cluster_a
26.03,24.29,5,cluster_a
22.25,25.99,8,cluster_a
20.36,25.61,3,cluster_a
19.15,30.01,5,cluster_a
19.16,23.03,8,cluster_a
15.73,28.64,3,cluster_a
14.71,25.82,6,cluster_a
21.49,29.25,4,cluster_a
22.21,21.36,9,cluster_a
23.16,27.15,6,cluster_a
16.07,23.69,7,cluster_a
19.9,25.49,1,cluster_a
20.91,22.23,2,cluster_a
19.23,17.57,8,cluster_a
24.26,24.79,3,cluster_a
15.27,24.4,0,cluster_a
20.9,27.66,5,cluster_a
17.53,25.73,7,cluster_a
25.47,25.07,3,cluster_a
17.69,25.73,10,cluster_a
18.4,20.79,3,cluster_a
9.52,26.32,1,cluster_a
13.83,17.1,2,cluster_a
22.84,19.75,0,cluster_a
20.89,23.64,7,cluster_a
23.7,24.97,2,cluster_a
19.38,27.0,4,cluster_a
12.81,29.41,4,cluster_a
17.95,25.06,9,cluster_a
21.32,23.67,8,cluster_a
30.74,30.55,8,cluster_a
14.39,40.01,2,cluster_a
18.14,22.2,10,cluster_a
22.1,19.29,6,cluster_a
22.73,23.73,2,cluster_a
16.37,23.25,6,cluster_a
17.4,27.94,3,cluster_a
11.34,22.04,10,cluster_a
17.13,34.36,7,cluster_a
14.18,21.66,6,cluster_a
14.11,34.5,3,cluster_a
23.4,30.84,5,cluster_a
15.02,23.91,7,cluster_a
24.38,25.23,1,cluster_a
20.21,22.31,0,cluster_a
16.51,19.27,7,cluster_a
29.72,32.44,4,cluster_a
17.66,27.76,9,cluster_a
17.91,24.43,12,cluster_a
19.46,23.06,6,cluster_a
22.9,20.91,5,cluster_a
14.17,23.89,11,cluster_a
23.71,24.63,3,cluster_a
18.44,29.2,4,cluster_a
27.25,19.51,5,cluster_a
28.71,16.97,9,cluster_a
10.74,24.64,5,cluster_a
24.12,12.38,0,cluster_a
17.17,25.15,3,cluster_a
18.9,20.26,4,cluster_a
15.77,25.98,7,cluster_a
27.16,22.37,5,cluster_a
20.24,23.82,5,cluster_a
12.19,26.49,3,cluster_a
15.22,18.65,9,cluster_a
19.3,29.6,6,cluster_a
11.48,20.67,8,cluster_a
16.17,20.64,5,cluster_a
19.12,20.95,5,cluster_a
17.61,14.64,7,cluster_a
15.94,30.22,2,cluster_a
12.1,29.75,1,cluster_a
16.82,27.39,5,cluster_a
11.72,25.75,5,cluster_a
26.42,27.35,15,cluster_a
11.77,24.91,2,cluster_a
25.77,28.29,8,cluster_a
16.11,22.02,0,cluster_a
28.55,27.03,5,cluster_a
24.67,28.0,8,cluster_a
11.88,22.14,6,cluster_a
21.78,28.83,2,cluster_a
20.64,33.82,8,cluster_a
24.35,24.92,8,cluster_a
29.02,25.43,9,cluster_a
15.62,27.36,8,cluster_a
16.24,29.39,3,cluster_a
15.97,25.0,11,cluster_a
21.55,28.74,3,cluster_a
20.39,20.29,4,cluster_a
24.18,24.85,10,cluster_a
18.99,24.21,9,cluster_a
16.76,18.92,9,cluster_a
22.07,16.34,6,cluster_a
17.98,31.98,3,cluster_a
17.1,21.36,2,cluster_a
16.5,19.26,2,cluster_a
11.97,19.01,1,cluster_a
17.39,22.27,2,cluster_a
22.39,24.81,4,cluster_a
17.68,31.37,6,cluster_a
22.38,14.66,4,cluster_a
9.14,23.3,7,cluster_a
16.63,27.07,2,cluster_a
22.88,18.79,5,cluster_a
22.1,27.14,5,cluster_a
29.7,23.34,4,cluster_a
6.2,32.08,4,cluster_a
14.12,30.28,9,cluster_a
20.54,19.26,7,cluster_a
16.89,20.32,9,cluster_a
9.34,27.27,7,cluster_a
30.26,26.3,0,cluster_a
15.82,25.26,7,cluster_a
24.9,17.16,5,cluster_a
24.85,31.18,11,cluster_a
18.05,29.39,11,cluster_a
25.99,27.89,8,cluster_a
16.05,19.21,8,cluster_a
18.26,24.89,4,cluster_a
18.04,25.93,2,cluster_a
20.34,25.98,5,cluster_a
16.28,28.15,11,cluster_a
16.99,29.94,8,cluster_a
6.73,21.96,4,cluster_a
23.91,25.75,7,cluster_a
23.18,21.4,3,cluster_a
13.89,24.32,5,cluster_a
20.86,22.09,8,cluster_a
24.59,31.19,8,cluster_a
20.93,27.69,7,cluster_a
16.74,30.16,11,cluster_a
29.88,25.14,6,cluster_a
22.08,24.99,7,cluster_a
19.39,24.22,11,cluster_a
20.82,25.27,8,cluster_a
20.75,26.17,5,cluster_a
13.9,24.88,2,cluster_a
21.05,20.27,8,cluster_a
23.75,26.12,5,cluster_a
22.08,17.14,2,cluster_a
19.26,26.38,5,cluster_a
14.98,25.53,4,cluster_a
14.66,26.32,5,cluster_a
25.98,27.66,8,cluster_a
21.61,21.62,3,cluster_a
12.64,36.52,2,cluster_a
18.95,23.56,5,cluster_a
17.08,17.53,3,cluster_a
13.05,24.49,3,cluster_a
16.56,25.86,4,cluster_a
24.66,23.46,6,cluster_a
13.37,27.63,4,cluster_a
22.04,26.32,5,cluster_a
21.09,23.46,10,cluster_a
24.67,26.93,2,cluster_a
14.5,22.34,5,cluster_a
22.24,21.41,9,cluster_a
20.02,16.95,4,cluster_a
7.07,21.99,4,cluster_a
16.95,23.7,4,cluster_a
17.03,31.01,9,cluster_a
14.29,30.02,1,cluster_a
15.93,31.1,0,cluster_a
22.87,19.99,5,cluster_a
19.1,31.79,3,cluster_a
19.65,27.51,5,cluster_a
15.89,24.76,6,cluster_a
24.42,21.23,4,cluster_a
21.61,24.33,5,cluster_a
19.91,22.22,3,cluster_a
22.2,20.62,9,cluster_a
21.09,19.89,6,cluster_a
20.84,28.05,9,cluster_a
18.17,22.17,4,cluster_a
15.09,22.01,6,cluster_a
20.08,23.03,3,cluster_a
21.74,22.99,2,cluster_a
19.24,23.94,2,cluster_a
24.14,28.38,6,cluster_a
20.66,27.11,5,cluster_a
24.46,31.62,6,cluster_a
22.2,28.49,4,cluster_a
14.36,28.62,1,cluster_a
28.94,28.48,6,cluster_a
20.26,32.01,3,cluster_a
14.2,22.61,5,cluster_a
14.97,25.62,6,cluster_a
15.93,31.41,1,cluster_a
13.62,26.5,5,cluster_a
22.09,22.52,2,cluster_a
16.77,22.27,7,cluster_a
17.6,28.05,7,cluster_a
25.2,28.6,8,cluster_a
23.85,22.93,5,cluster_a
10.85,26.17,3,cluster_a
22.01,27.11,1,cluster_a
14.93,23.6,4,cluster_a
20.84,20.38,6,cluster_a
11.56,16.38,8,cluster_a
13.47,22.76,1,cluster_a
12.96,23.4,4,cluster_a
24.91,26.8,5,cluster_a
23.79,29.47,7,cluster_a
17.97,29.07,11,cluster_a
23.3,32.08,8,cluster_a
24.24,20.64,2,cluster_a
19.75,18.32,4,cluster_a
24.34,22.34,7,cluster_a
13.24,23.03,9,cluster_a
21.04,26.16,11,cluster_a
26.48,21.49,9,cluster_a
16.92,24.93,6,cluster_a
25.37,20.48,7,cluster_a
22.62,28.25,5,cluster_a
25.02,22.15,9,cluster_a
21.76,19.4,7,cluster_a
20.9,23.58,3,cluster_a
18.8,19.23,11,cluster_a
14.36,22.35,9,cluster_a
22.93,27.88,10,cluster_a
18.44,20.81,8,cluster_a
23.98,23.69,2,cluster_a
26.2,27.3,1,cluster_a
23.9,19.24,4,cluster_a
14.38,22.45,3,cluster_a
16.93,27.9,6,cluster_a
23.14,29.37,4,cluster_a
20.4,27.15,11,cluster_a
24.5,30.53,9,cluster_a
25.29,17.86,8,cluster_a
21.06,25.22,4,cluster_a
17.87,26.66,8,cluster_a
12.51,25.87,4,cluster_a
15.25,26.57,5,cluster_a
16.7,21.92,6,cluster_a
19.95,20.63,3,cluster_a
19.09,26.62,2,cluster_a
22.44,21.7,14,cluster_a
15.29,21.84,6,cluster_a
15.49,28.31,11,cluster_a
18.06,25.69,4,cluster_a
20.0,30.73,8,cluster_a
15.48,31.18,9,cluster_a
22.43,22.36,6,cluster_a
16.02,26.87,5,cluster_a
8.83,28.7,6,cluster_a
25.39,24.46,6,cluster_a
25.58,26.55,6,cluster_a
36.07,24.32,6,cluster_a
28.67,21.78,2,cluster_a
12.84,27.13,7,cluster_a
23.71,19.59,9,cluster_a
25.99,24.61,6,cluster_a
23.38,26.47,7,cluster_a
14.57,24.3,2,cluster_a
23.16,27.12,5,cluster_a
21.48,18.77,8,cluster_a
17.66,25.52,9,cluster_a
16.22,29.79,6,cluster_a
20.14,27.22,2,cluster_a
22.97,25.25,9,cluster_a
18.92,23.55,7,cluster_a
19.7,20.3,5,cluster_a
26.34,24.63,3,cluster_a
23.58,17.59,0,cluster_a
19.98,25.72,6,cluster_a
15.54,24.4,1,cluster_a
21.1,18.54,5,cluster_a
21.31,17.97,4,cluster_a
23.94,31.2,1,cluster_a
21.7,20.06,1,cluster_a
27.98,27.67,3,cluster_a
21.1,27.57,6,cluster_a
31.24,27.42,0,cluster_a
18.55,22.05,5,cluster_a
20.07,22.4,2,cluster_a
26.82,27.39,3,cluster_a
23.4,27.7,9,cluster_a
14.72,28.12,4,cluster_a
25.78,24.23,0,cluster_a
20.18,17.86,5,cluster_a
19.71,23.39,1,cluster_a
14.42,21.62,5,cluster_a
26.44,27.84,4,cluster_a
26.37,19.53,8,cluster_a
19.12,25.95,7,cluster_a
16.6,28.2,5,cluster_a
32.06,23.78,9,cluster_a
23.24,20.3,10,cluster_a
46.52,46.61,12,cluster_b
63.55,60.31,9,cluster_b
67.67,64.27,8,cluster_b
60.85,52.54,8,cluster_b
46.59,46.8,6,cluster_b
64.78,53.41,8,cluster_b
45.71,65.19,10,cluster_b
58.93,59.37,6,cluster_b
47.21,65.02,9,cluster_b
61.2,41.02,13,cluster_b
51.05,73.04,8,cluster_b
55.23,63.96,7,cluster_b
61.98,56.13,13,cluster_b
61.35,62.97,7,cluster_b
53.32,61.8,3,cluster_b
50.59,65.63,6,cluster_b
65.23,56.23,10,cluster_b
45.82,62.91,11,cluster_b
64.09,68.12,13,cluster_b
56.67,52.64,13,cluster_b
44.57,57.37,12,cluster_b
58.55,69.56,9,cluster_b
41.48,58.35,10,cluster_b
52.2,68.47,9,cluster_b
43.51,62.8,6,cluster_b
68.6,61.62,5,cluster_b
63.64,74.22,3,cluster_b
62.22,62.9,10,cluster_b
57.75,62.95,7,cluster_b
66.29,51.9,15,cluster_b
67.22,52.88,9,cluster_b
66.36,57.05,9,cluster_b
51.78,67.0,8,cluster_b
54.92,63.24,9,cluster_b
48.07,51.95,5,cluster_b
45.56,49.68,7,cluster_b
57.4,60.32,7,cluster_b
46.86,54.04,5,cluster_b
45.11,64.29,5,cluster_b
55.14,56.29,17,cluster_b
40.62,61.16,8,cluster_b
48.83,61.89,10,cluster_b
46.45,62.56,11,cluster_b
65.48,56.34,14,cluster_b
53.43,48.14,11,cluster_b
54.35,54.71,12,cluster_b
51.23,66.1,9,cluster_b
61.0,64.08,11,cluster_b
46.74,65.52,10,cluster_b
71.02,62.87,12,cluster_b
48.88,57.56,10,cluster_b
45.64,52.98,9,cluster_b
54.38,61.21,13,cluster_b
51.8,64.09,9,cluster_b
53.45,61.54,3,cluster_b
55.53,56.17,7,cluster_b
39.9,57.34,4,cluster_b
61.96,58.56,4,cluster_b
49.61,64.53,8,cluster_b
52.75,57.78,9,cluster_b
41.4,59.73,8,cluster_b
78.63,58.72,8,cluster_b
62.91,59.06,10,cluster_b
48.01,69.33,8,cluster_b
58.0,66.79,9,cluster_b
55.0,63.52,12,cluster_b
46.28,61.09,7,cluster_b
49.04,56.11,13,cluster_b
67.77,75.63,9,cluster_b
48.27,54.18,14,cluster_b
42.69,58.1,8,cluster_b
69.0,53.92,13,cluster_b
65.51,59.0,11,cluster_b
42.69,59.47,9,cluster_b
34.36,62.49,11,cluster_b
41.45,51.53,7,cluster_b
50.77,58.16,7,cluster_b
46.94,61.84,8,cluster_b
54.15,58.62,11,cluster_b
53.77,65.17,10,cluster_b
62.11,67.48,5,cluster_b
62.38,70.7,7,cluster_b
54.75,57.86,11,cluster_b
59.16,55.98,13,cluster_b
48.15,59.17,13,cluster_b
70.63,56.92,12,cluster_b
56.76,50.51,7,cluster_b
45.36,56.98,8,cluster_b
55.22,67.67,11,cluster_b
76.22,58.54,12,cluster_b
58.32,69.04,8,cluster_b
61.76,69.77,7,cluster_b
54.4,63.03,8,cluster_b
48.0,71.0,9,cluster_b
68.87,56.95,9,cluster_b
61.38,58.76,7,cluster_b
49.24,61.64,8,cluster_b
55.7,46.46,8,cluster_b
53.56,56.92,7,cluster_b
47.93,60.42,14,cluster_b
43.81,58.34,12,cluster_b
57.68,59.44,8,cluster_b
55.11,59.39,3,cluster_b
49.27,48.3,13,cluster_b
61.58,55.27,12,cluster_b
74.59,56.26,13,cluster_b
57.9,58.58,6,cluster_b
50.55,57.63,3,cluster_b
59.24,58.07,11,cluster_b
51.65,77.99,5,cluster_b
47.54,64.23,17,cluster_b
47.06,70.98,7,cluster_b
65.35,60.45,16,cluster_b
69.26,56.11,18,cluster_b
46.01,58.12,15,cluster_b
49.12,56.15,10,cluster_b
58.62,62.32,7,cluster_b
56.58,63.82,14,cluster_b
57.63,52.48,10,cluster_b
50.04,67.91,4,cluster_b
59.48,53.61,13,cluster_b
61.17,61.32,11,cluster_b
52.3,64.05,9,cluster_b
60.85,60.35,2,cluster_b
50.89,69.1,14,cluster_b
55.84,59.24,8,cluster_b
60.04,63.47,7,cluster_b
60.29,67.4,7,cluster_b
53.51,62.78,12,cluster_b
51.64,56.83,8,cluster_b
58.08,62.57,9,cluster_b
44.09,53.46,11,cluster_b
45.23,61.36,8,cluster_b
50.18,60.16,15,cluster_b
57.31,58.23,5,cluster_b
59.1,66.82,11,cluster_b
64.33,62.86,6,cluster_b
54.64,63.15,12,cluster_b
51.06,59.62,11,cluster_b
65.17,66.03,11,cluster_b
58.17,53.85,6,cluster_b
54.27,66.25,11,cluster_b
59.49,50.99,5,cluster_b
63.96,59.79,6,cluster_b
62.06,61.55,18,cluster_b
65.0,62.08,9,cluster_b
56.86,59.38,5,cluster_b
62.42,61.65,1,cluster_b
49.92,55.03,12,cluster_b
54.65,68.92,5,cluster_b
46.39,66.4,8,cluster_b
46.53,56.84,7,cluster_b
59.31,66.71,5,cluster_b
52.67,60.09,10,cluster_b
61.67,60.72,8,cluster_b
46.1,49.05,8,cluster_b
55.12,65.53,8,cluster_b
73.59,59.54,8,cluster_b
58.04,54.18,10,cluster_b
38.49,64.06,10,cluster_b
56.68,60.93,6,cluster_b
47.81,69.4,11,cluster_b
50.22,62.53,11,cluster_b
70.64,66.66,11,cluster_b
51.41,70.7,9,cluster_b
48.04,52.68,7,cluster_b
52.09,64.59,12,cluster_b
64.21,60.92,12,cluster_b
73.07,65.46,14,cluster_b
42.91,55.55,7,cluster_b
33.58,60.44,14,cluster_b
50.72,61.17,7,cluster_b
51.07,61.71,6,cluster_b
64.39,48.49,10,cluster_b
51.07,68.93,12,cluster_b
38.33,45.47,6,cluster_b
50.98,58.87,10,cluster_b
60.39,51.8,4,cluster_b
57.02,57.83,9,cluster_b
49.87,58.96,14,cluster_b
42.01,52.65,11,cluster_b
67.54,58.77,6,cluster_b
38.99,61.56,6,cluster_b
72.4,74.05,10,cluster_b
58.88,59.29,13,cluster_b
54.98,60.38,14,cluster_b
60.01,72.79,5,cluster_b
50.56,54.58,12,cluster_b
51.05,63.61,6,cluster_b
54.25,73.78,14,cluster_b
39.97,62.19,12,cluster_b
51.05,53.39,11,cluster_b
55.81,63.32,9,cluster_b
73.65,54.52,8,cluster_b
59.12,64.39,5,cluster_b
65.38,51.25,10,cluster_b
52.54,55.75,13,cluster_b
36.22,55.62,7,cluster_b
62.0,69.3,12,cluster_b
66.16,46.65,10,cluster_b
43.94,57.75,10,cluster_b
55.76,68.25,4,cluster_b
48.31,51.12,5,cluster_b
63.05,61.09,14,cluster_b
64.48,60.41,7,cluster_b
62.93,55.85,6,cluster_b
45.8,60.73,13,cluster_b
55.42,67.35,10,cluster_b
51.59,76.33,15,cluster_b
56.58,55.01,5,cluster_b
58.21,58.47,11,cluster_b
57.58,62.62,13,cluster_b
57.51,55.66,7,cluster_b
59.67,53.57,12,cluster_b
60.71,59.74,7,cluster_b
40.79,53.26,5,cluster_b
55.21,57.35,7,cluster_b
61.98,60.78,10,cluster_b
59.46,66.22,5,cluster_b
60.65,49.15,7,cluster_b
63.1,64.15,11,cluster_b
56.46,68.48,5,cluster_b
52.56,60.28,16,cluster_b
63.21,66.23,7,cluster_b
73.0,62.83,6,cluster_b
73.76,51.44,7,cluster_b
53.13,54.12,11,cluster_b
57.21,60.68,15,cluster_b
41.93,68.2,7,cluster_b
66.7,71.43,16,cluster_b
53.48,53.02,10,cluster_b
54.57,49.42,12,cluster_b
47.62,68.65,12,cluster_b
52.75,60.22,9,cluster_b
51.34,78.59,7,cluster_b
55.44,65.95,8,cluster_b
49.97,52.03,13,cluster_b
60.7,62.82,5,cluster_b
59.03,61.71,8,cluster_b
43.99,59.66,7,cluster_b
55.64,60.38,8,cluster_b
62.06,59.6,11,cluster_b
58.35,66.05,7,cluster_b
52.24,65.53,10,cluster_b
64.01,64.47,8,cluster_b
62.04,58.46,12,cluster_b
69.83,66.55,16,cluster_b
42.59,56.71,9,cluster_b
51.8,62.23,8,cluster_b
63.85,65.91,11,cluster_b
46.9,63.28,12,cluster_b
57.83,60.18,14,cluster_b
50.61,57.8,12,cluster_b
59.25,65.12,9,cluster_b
44.48,52.57,8,cluster_b
61.34,64.75,4,cluster_b
59.27,59.48,6,cluster_b
72.53,61.58,12,cluster_b
75.54,56.51,8,cluster_b
66.91,52.15,10,cluster_b
55.37,65.82,11,cluster_b
47.69,65.83,12,cluster_b
46.59,55.87,8,cluster_b
45.81,66.39,9,cluster_b
52.78,53.77,8,cluster_b
66.88,64.49,5,cluster_b
47.08,63.81,8,cluster_b
50.57,54.84,6,cluster_b
55.76,57.72,13,cluster_b
54.47,54.21,12,cluster_b
65.77,55.59,4,cluster_b
51.17,51.9,14,cluster_b
43.9,58.03,14,cluster_b
61.97,56.92,7,cluster_b
53.55,58.56,14,cluster_b
53.76,51.9,12,cluster_b
63.29,58.64,12,cluster_b
55.41,52.76,9,cluster_b
45.84,56.2,7,cluster_b
57.66,61.12,6,cluster_b
47.64,59.98,11,cluster_b
55.58,46.76,13,cluster_b
69.18,69.5,11,cluster_b
60.38,56.07,10,cluster_b
45.95,60.73,5,cluster_b
59.68,57.87,12,cluster_b
56.46,57.24,12,cluster_b
45.61,58.41,8,cluster_b
60.95,59.55,10,cluster_b
59.2,45.92,7,cluster_b
55.93,66.07,11,cluster_b
65.49,58.67,10,cluster_b
51.0,57.39,7,cluster_b
50.65,58.86,8,cluster_b
55.21,49.09,11,cluster_b
56.42,62.68,8,cluster_b
50.93,65.89,9,cluster_b
70.89,51.56,9,cluster_b
45.98,55.28,7,cluster_b
51.15,64.7,6,cluster_b
59.88,51.35,8,cluster_b
65.56,62.77,10,cluster_b
60.04,63.46,11,cluster_b
66.23,53.77,9,cluster_b
60.1,64.5,11,cluster_b
65.45,56.99,5,cluster_b
65.18,60.0,8,cluster_b
55.29,57.41,13,cluster_b
62.12,61.87,11,cluster_b
55.26,66.16,2,cluster_b
45.65,59.76,8,cluster_b
47.4,63.72,7,cluster_b
56.74,60.75,10,cluster_b
48.37,58.84,13,cluster_b
59.35,65.78,9,cluster_b
41.38,57.2,9,cluster_b
65.41,66.82,11,cluster_b
48.15,60.77,9,cluster_b
53.05,52.6,11,cluster_b
54.76,64.83,5,cluster_b
45.98,81.88,7,cluster_b
57.3,62.63,7,cluster_b
68.82,59.61,10,cluster_b
69.55,55.25,8,cluster_b
52.24,51.76,10,cluster_b
58.78,61.1,11,cluster_b
61.93,62.03,9,cluster_b
64.76,55.82,14,cluster_b
53.46,64.59,15,cluster_b
36.88,58.85,8,cluster_b
68.66,57.56,18,cluster_b
42.78,62.1,8,cluster_b
59.04,56.61,8,cluster_b
40.42,60.65,5,cluster_b
44.52,60.52,9,cluster_b
63.22,51.88,11,cluster_b
57.58,58.19,7,cluster_b
54.37,65.3,8,cluster_b
61.78,58.36,15,cluster_b
55.21,58.95,5,cluster_b
43.58,62.29,9,cluster_b
57.25,55.89,9,cluster_b
50.01,61.77,9,cluster_b
69.92,55.87,13,cluster_b
46.56,57.21,7,cluster_b
65.08,62.62,10,cluster_b
56.88,53.49,14,cluster_b
66.12,59.79,10,cluster_b
60.19,58.95,9,cluster_b
51.06,57.92,8,cluster_b
60.84,58.03,8,cluster_b
49.99,51.0,14,cluster_b
59.07,65.2,8,cluster_b
66.66,60.87,14,cluster_b
54.89,59.73,8,cluster_b
55.62,61.35,14,cluster_b
67.32,60.54,13,cluster_b
33.26,57.18,10,cluster_b
62.1,62.54,9,cluster_b
51.31,55.2,15,cluster_b
63.98,67.85,10,cluster_b
50.72,63.33,9,cluster_b
53.98,59.85,8,cluster_b
48.03,58.55,5,cluster_b
59.79,65.03,7,cluster_b
40.38,62.36,10,cluster_b
55.16,51.99,4,cluster_b
68.69,58.7,11,cluster_b
54.43,62.48,6,cluster_b
51.43,51.87,6,cluster_b
49.33,49.16,8,cluster_b
49.31,52.88,9,cluster_b
54.91,54.98,16,cluster_b
60.75,66.73,9,cluster_b
62.15,64.59,6,cluster_b
49.54,77.49,8,cluster_b
58.89,58.71,12,cluster_b
47.04,53.97,13,cluster_b
56.59,45.13,10,cluster_b
53.54,64.26,10,cluster_b
57.74,60.52,10,cluster_b
45.78,55.11,7,cluster_b
44.27,64.73,13,cluster_b
59.91,56.39,8,cluster_b
51.48,66.68,11,cluster_b
68.91,54.18,9,cluster_b
44.91,51.5,9,cluster_b
52.31,56.92,5,cluster_b
56.57,58.3,12,cluster_b
59.4,52.13,11,cluster_b
50.21,69.2,9,cluster_b
50.97,57.56,5,cluster_b
65.2,72.72,4,cluster_b
52.99,59.34,8,cluster_b
64.74,67.48,9,cluster_b
71.57,60.2,9,cluster_b
57.24,55.52,14,cluster_b
59.93,57.87,9,cluster_b
47.74,61.58,6,cluster_b
55.03,56.9,11,cluster_b
63.34,64.72,9,cluster_b
49.32,58.2,9,cluster_b
58.9,56.59,7,cluster_b
56.39,68.15,15,cluster_b
61.35,54.06,14,cluster_b
48.23,55.38,11,cluster_b
43.96,64.81,9,cluster_b
58.19,55.06,12,cluster_b
59.1,57.82,12,cluster_b
33.72,62.17,9,cluster_b
48.64,61.06,11,cluster_b
49.1,59.28,9,cluster_b
58.14,67.36,8,cluster_b
65.54,52.17,10,cluster_b
41.24,60.43,12,cluster_b
71.18,60.3,7,cluster_b
63.21,60.25,10,cluster_b
62.34,66.56,4,cluster_b
55.41,59.9,6,cluster_b
42.01,59.6,8,cluster_b
49.2,59.18,8,cluster_b
55.14,69.46,9,cluster_b
70.04,67.46,12,cluster_b
49.17,58.24,7,cluster_b
58.33,59.6,11,cluster_b
57.42,61.01,8,cluster_b
47.22,57.35,12,cluster_b
53.69,59.64,12,cluster_b
58.9,51.15,9,cluster_b
48.03,59.67,11,cluster_b
59.08,69.98,8,cluster_b
52.64,63.44,12,cluster_b
46.75,64.12,11,cluster_b
53.8,58.31,12,cluster_b
58.42,62.4,7,cluster_b
41.22,59.44,9,cluster_b
58.67,55.41,11,cluster_b
58.28,55.56,12,cluster_b
52.26,55.82,10,cluster_b
54.88,54.57,11,cluster_b
54.93,55.45,4,cluster_b
58.41,60.59,10,cluster_b
66.01,45.06,13,cluster_b
65.91,54.12,13,cluster_b
48.5,53.74,9,cluster_b
69.62,62.17,10,cluster_b
62.09,56.27,14,cluster_b
67.56,62.58,7,cluster_b
63.58,61.77,11,cluster_b
64.09,62.62,7,cluster_b
66.92,61.68,10,cluster_b
59.92,61.87,12,cluster_b
56.58,58.93,8,cluster_b
50.91,58.27,12,cluster_b
52.3,59.33,9,cluster_b
59.27,63.89,15,cluster_b
43.86,58.63,11,cluster_b
41.52,70.45,9,cluster_b
48.65,65.82,3,cluster_b
56.7,54.05,9,cluster_b
57.99,64.76,11,cluster_b
71.69,60.37,8,cluster_b
64.81,59.61,11,cluster_b
23.5,62.72,9,cluster_b
51.52,56.06,12,cluster_b
38.67,78.89,13,cluster_b
57.96,71.4,10,cluster_b
47.84,66.16,5,cluster_b
59.8,67.19,11,cluster_b
43.39,61.23,9,cluster_b
49.06,46.13,6,cluster_b
50.99,66.75,18,cluster_b
61.85,55.27,8,cluster_b
63.66,63.68,11,cluster_b
56.9,67.2,16,cluster_b
55.08,60.95,11,cluster_b
51.3,46.84,11,cluster_b
49.13,67.9,10,cluster_b
66.98,54.85,13,cluster_b
41.95,65.63,9,cluster_b
62.5,57.85,12,cluster_b
59.02,62.3,11,cluster_b
68.44,56.63,14,cluster_b
52.17,67.24,17,cluster_b
48.61,47.06,10,cluster_b
49.47,56.84,9,cluster_b
50.73,68.59,13,cluster_b
64.27,73.87,7,cluster_b
35.03,72.14,10,cluster_b
54.55,49.18,5,cluster_b
60.54,59.14,3,cluster_b
47.48,66.29,13,cluster_b
56.71,77.0,13,cluster_b
69.48,68.0,12,cluster_b
44.29,50.4,7,cluster_b
57.07,60.01,11,cluster_b
54.84,62.87,12,cluster_b
55.06,58.27,2,cluster_b
61.98,55.36,7,cluster_b
61.94,65.51,12,cluster_b
62.62,53.44,9,cluster_b
50.6,70.38,12,cluster_b
53.05,65.05,11,cluster_b
54.06,62.8,12,cluster_b
53.86,52.5,11,cluster_b
52.89,53.13,7,cluster_b
53.0,60.16,11,cluster_b
53.3,62.7,8,cluster_b
59.37,62.42,11,cluster_b
66.5,58.3,5,cluster_b
54.38,64.86,10,cluster_b
57.54,49.66,7,cluster_b
59.31,64.67,7,cluster_b
57.94,55.73,6,cluster_b
55.57,61.3,11,cluster_b
60.84,70.06,12,cluster_b
52.11,65.64,5,cluster_b
55.81,66.32,12,cluster_b
61.63,71.46,7,cluster_b
61.36,59.44,13,cluster_b
55.94,64.69,14,cluster_b
60.05,58.74,8,cluster_b
49.45,66.23,13,cluster_b
53.05,49.14,8,cluster_b
58.47,54.32,4,cluster_b
51.44,47.76,10,cluster_b
51.79,60.36,13,cluster_b
47.74,47.11,9,cluster_b
58.75,51.42,8,cluster_b
52.22,60.17,8,cluster_b
76.31,58.43,10,cluster_b
51.12,44.14,14,cluster_b
29.75,68.14,6,cluster_b
44.13,59.35,16,cluster_b
57.56,58.85,7,cluster_b
60.21,57.78,12,cluster_b
39.29,63.17,10,cluster_b
44.12,53.8,9,cluster_b
51.11,61.74,5,cluster_b
47.92,72.68,7,cluster_b
51.59,58.94,9,cluster_b
64.66,56.57,12,cluster_b
48.16,64.64,9,cluster_b
53.6,59.47,11,cluster_b
45.45,54.18,16,cluster_b
59.05,57.83,11,cluster_b
54.52,46.49,10,cluster_b
54.03,62.09,7,cluster_b
53.24,66.85,9,cluster_b
51.57,62.19,8,cluster_b
63.54,58.95,11,cluster_b
49.37,52.51,12,cluster_b
57.1,63.82,12,cluster_b
43.25,60.72,3,cluster_b
59.15,53.49,11,cluster_b
60.81,56.76,9,cluster_b
64.78,50.08,11,cluster_b
55.95,65.69,5,cluster_b
55.03,66.63,14,cluster_b
48.85,58.32,15,cluster_b
43.64,59.73,10,cluster_b
56.4,54.39,12,cluster_b
62.11,70.9,7,cluster_b
51.15,66.58,15,cluster_b
54.92,50.83,9,cluster_b
62.72,64.07,13,cluster_b
70.4,57.41,7,cluster_b
45.38,59.26,13,cluster_b
68.82,61.31,10,cluster_b
53.94,67.36,7,cluster_b
54.16,59.54,9,cluster_b
69.47,54.65,17,cluster_b
49.76,55.08,8,cluster_b
60.19,59.92,13,cluster_b
48.41,49.96,8,cluster_b
57.24,51.18,9,cluster_b
59.28,55.16,7,cluster_b
46.24,59.14,11,cluster_b
76.98,66.99,6,cluster_b
42.71,59.34,14,cluster_b
60.26,56.84,13,cluster_b
66.02,68.77,6,cluster_b
58.5,52.31,7,cluster_b
44.77,58.43,5,cluster_b
61.2,59.93,7,cluster_b
58.88,69.18,11,cluster_b
50.33,58.3,9,cluster_b
49.39,49.73,8,cluster_b
64.94,55.04,4,cluster_b
54.29,66.62,4,cluster_b
56.52,62.47,11,cluster_b
59.46,63.65,5,cluster_b
59.93,68.27,9,cluster_b
57.97,53.91,13,cluster_b
50.05,69.9,8,cluster_b
60.42,56.8,15,cluster_b
39.22,62.22,3,cluster_b
45.36,71.35,12,cluster_b
38.92,59.96,8,cluster_b
59.56,71.1,11,cluster_b
84.35,33.56,2,cluster_c
87.01,36.45,4,cluster_c
73.58,40.15,6,cluster_c
68.63,27.03,4,cluster_c
79.35,29.49,5,cluster_c
96.74,35.83,10,cluster_c
63.05,30.78,9,cluster_c
87.25,25.24,3,cluster_c
89.6,28.51,7,cluster_c
81.57,29.18,6,cluster_c
71.7,41.91,7,cluster_c
93.99,26.3,4,cluster_c
76.81,23.97,8,cluster_c
87.13,26.41,5,cluster_c
83.77,24.73,4,cluster_c
95.6,24.77,4,cluster_c
105.05,15.12,2,cluster_c
97.97,27.13,7,cluster_c
101.2,24.98,4,cluster_c
84.11,29.47,4,cluster_c
78.67,20.7,7,cluster_c
88.34,28.87,5,cluster_c
85.49,26.23,5,cluster_c
79.32,40.3,5,cluster_c
78.86,28.85,4,cluster_c
70.35,23.57,8,cluster_c
74.31,30.65,4,cluster_c
66.72,26.75,10,cluster_c
75.85,25.27,4,cluster_c
76.65,31.6,4,cluster_c
79.02,26.56,7,cluster_c
83.11,31.48,7,cluster_c
79.01,38.49,7,cluster_c
94.88,29.44,6,cluster_c
73.18,30.11,8,cluster_c
76.35,40.45,6,cluster_c
95.83,22.66,5,cluster_c
75.04,37.07,7,cluster_c
79.24,26.81,5,cluster_c
87.25,35.85,5,cluster_c
75.53,30.71,6,cluster_c
82.53,26.83,11,cluster_c
73.71,40.59,10,cluster_c
89.47,43.12,7,cluster_c
76.83,26.34,3,cluster_c
88.37,19.64,1,cluster_c
95.32,37.09,7,cluster_c
89.23,35.42,5,cluster_c
65.31,38.98,7,cluster_c
66.24,31.0,4,cluster_c
78.85,27.7,7,cluster_c
77.92,21.92,8,cluster_c
84.86,20.02,7,cluster_c
88.88,28.93,6,cluster_c
72.36,17.75,7,cluster_c
79.12,33.01,5,cluster_c
77.4,31.14,5,cluster_c
88.66,27.03,1,cluster_c
81.44,20.88,0,cluster_c
69.03,26.93,3,cluster_c
64.63,28.43,9,cluster_c
88.29,30.06,8,cluster_c
75.6,23.83,8,cluster_c
69.16,32.34,5,cluster_c
76.37,26.79,9,cluster_c
64.11,31.88,5,cluster_c
72.59,30.27,6,cluster_c
79.4,31.72,10,cluster_c
73.99,32.93,0,cluster_c
84.57,16.93,7,cluster_c
75.25,31.15,1,cluster_c
80.24,35.77,7,cluster_c
79.83,29.95,9,cluster_c
87.36,25.63,4,cluster_c
73.2,29.75,2,cluster_c
58.42,28.47,6,cluster_c
81.86,37.59,2,cluster_c
74.87,19.9,6,cluster_c
78.95,26.63,6,cluster_c
72.93,22.85,10,cluster_c
88.1,28.71,1,cluster_c
77.86,34.02,6,cluster_c
90.09,38.59,5,cluster_c
75.32,26.54,4,cluster_c
89.05,27.03,0,cluster_c
84.65,29.31,4,cluster_c
60.36,38.19,8,cluster_c
68.63,31.06,2,cluster_c
66.39,15.31,8,cluster_c
88.8,27.83,5,cluster_c
97.55,24.71,2,cluster_c
81.28,33.85,5,cluster_c
65.74,24.63,8,cluster_c
87.15,18.31,2,cluster_c
70.15,29.82,12,cluster_c
77.14,30.43,3,cluster_c
105.85,25.79,4,cluster_c
81.56,20.73,8,cluster_c
79.92,24.1,4,cluster_c
61.06,26.11,0,cluster_c
75.5,26.53,4,cluster_c
74.17,24.11,9,cluster_c
94.39,28.81,9,cluster_c
76.94,27.88,3,cluster_c
86.97,34.33,2,cluster_c
81.6,26.38,3,cluster_c
79.74,16.57,4,cluster_c
98.9,33.05,2,cluster_c
85.53,30.62,5,cluster_c
74.14,30.0,4,cluster_c
78.27,35.18,8,cluster_c
67.04,26.72,10,cluster_c
97.97,32.59,10,cluster_c
92.08,29.08,0,cluster_c
79.39,21.02,6,cluster_c
97.46,31.74,3,cluster_c
68.31,16.26,0,cluster_c
96.27,35.99,5,cluster_c
78.47,29.64,5,cluster_c
93.92,32.73,0,cluster_c
90.61,16.49,4,cluster_c
66.14,30.28,2,cluster_c
66.22,22.67,8,cluster_c
78.14,34.67,10,cluster_c
82.38,33.99,3,cluster_c
79.15,21.96,7,cluster_c
89.06,36.76,5,cluster_c
88.95,28.98,4,cluster_c
85.02,35.08,12,cluster_c
87.29,22.29,3,cluster_c
66.98,30.54,2,cluster_c
93.62,27.96,7,cluster_c
81.52,32.41,2,cluster_c
79.67,27.01,5,cluster_c
81.25,34.77,4,cluster_c
88.24,32.3,10,cluster_c
46.87,25.5,9,cluster_c
54.79,40.39,6,cluster_c
59.58,35.08,2,cluster_c
70.87,40.25,4,cluster_c
70.41,44.06,8,cluster_c
76.65,24.47,5,cluster_c
95.77,23.12,2,cluster_c
92.75,28.03,6,cluster_c
85.25,27.27,0,cluster_c
77.88,38.69,12,cluster_c
78.82,29.8,10,cluster_c
85.96,32.07,0,cluster_c
75.84,31.5,1,cluster_c
76.34,41.96,5,cluster_c
65.66,16.79,5,cluster_c
74.22,23.92,6,cluster_c
82.85,31.22,7,cluster_c
67.71,25.52,5,cluster_c
79.46,36.93,3,cluster_c
72.22,40.41,6,cluster_c
66.02,27.82,2,cluster_c
68.63,20.66,3,cluster_c
100.6,37.07,10,cluster_c
90.88,29.06,7,cluster_c
81.03,22.52,2,cluster_c
89.0,21.47,6,cluster_c
86.52,35.27,7,cluster_c
67.99,33.78,5,cluster_c
70.22,16.08,7,cluster_c
64.48,18.05,11,cluster_c
67.99,27.06,6,cluster_c
80.7,22.86,3,cluster_c
88.06,28.05,5,cluster_c
58.37,25.98,8,cluster_c
72.71,23.34,7,cluster_c
85.99,32.34,4,cluster_c
87.5,41.4,9,cluster_c
64.37,50.51,2,cluster_c
67.74,32.13,5,cluster_c
83.61,39.18,8,cluster_c
71.07,30.5,9,cluster_c
90.53,37.87,8,cluster_c
87.08,26.41,2,cluster_c
84.22,26.82,9,cluster_c
71.27,27.33,4,cluster_c
89.67,35.26,6,cluster_c
82.92,41.3,0,cluster_c
87.48,37.56,9,cluster_c
88.03,24.58,4,cluster_c
86.62,25.87,5,cluster_c
64.95,21.65,7,cluster_c
75.74,24.69,5,cluster_c
83.01,28.17,6,cluster_c
80.88,28.24,5,cluster_c
71.13,26.49,0,cluster_c
68.34,21.69,4,cluster_c
91.3,29.94,6,cluster_c
70.58,32.01,11,cluster_c
79.13,24.23,2,cluster_c
82.63,23.41,8,cluster_c
69.88,18.41,7,cluster_c
67.06,34.24,9,cluster_c
74.07,31.46,10,cluster_c
75.35,41.19,5,cluster_c
70.62,30.68,6,cluster_c
91.34,36.2,7,cluster_c
86.56,31.27,8,cluster_c
74.81,22.43,6,cluster_c
106.89,35.65,3,cluster_c
93.94,16.95,5,cluster_c
83.97,25.29,4,cluster_c
78.3,26.2,3,cluster_c
69.16,19.08,3,cluster_c
78.98,37.04,4,cluster_c
67.88,41.24,2,cluster_c
80.95,23.45,3,cluster_c
83.87,33.23,9,cluster_c
86.69,31.08,7,cluster_c
69.7,38.47,7,cluster_c
84.9,34.19,1,cluster_c
68.66,30.93,6,cluster_c
85.75,30.75,5,cluster_c
92.58,32.45,8,cluster_c
91.95,38.85,6,cluster_c
87.26,31.86,9,cluster_c
102.81,22.69,3,cluster_c
95.84,31.3,4,cluster_c
73.06,36.56,7,cluster_c
100.08,29.36,8,cluster_c
96.54,19.96,2,cluster_c
82.71,25.99,4,cluster_c
73.39,28.96,3,cluster_c
67.2,32.7,6,cluster_c
89.79,33.65,7,cluster_c
87.53,23.6,4,cluster_c
82.75,36.54,7,cluster_c
77.88,28.7,6,cluster_c
68.44,35.94,8,cluster_c
89.29,36.95,8,cluster_c
61.16,31.58,1,cluster_c
70.47,29.07,9,cluster_c
83.31,31.62,11,cluster_c
82.41,23.35,1,cluster_c
71.27,30.78,1,cluster_c
84.38,32.16,3,cluster_c
81.04,33.62,4,cluster_c
87.33,24.98,7,cluster_c
94.58,32.25,2,cluster_c
80.89,30.57,3,cluster_c
67.41,27.33,8,cluster_c
88.18,38.4,5,cluster_c
99.65,24.08,7,cluster_c
77.58,40.44,6,cluster_c
69.68,31.69,2,cluster_c
71.28,36.48,5,cluster_c
88.56,23.88,9,cluster_c
78.25,16.3,3,cluster_c
66.03,19.75,7,cluster_c
83.66,34.14,3,cluster_c
85.32,19.72,4,cluster_c
78.41,26.01,6,cluster_c
79.77,33.3,6,cluster_c
89.55,26.64,7,cluster_c
82.77,31.7,6,cluster_c
58.44,43.42,3,cluster_c
72.04,27.74,2,cluster_c
97.46,25.66,3,cluster_c
71.7,33.06,10,cluster_c
82.73,24.58,9,cluster_c
82.84,24.94,5,cluster_c
81.31,31.66,6,cluster_c
80.24,43.04,14,cluster_c
81.73,23.58,2,cluster_c
88.13,18.63,5,cluster_c
83.95,31.27,4,cluster_c
98.38,35.57,4,cluster_c
87.83,28.71,4,cluster_c
75.92,38.28,4,cluster_c
79.29,37.14,6,cluster_c
82.4,25.34,12,cluster_c
88.18,13.42,9,cluster_c
67.14,20.4,3,cluster_c
92.58,28.09,6,cluster_c
63.3,37.53,5,cluster_c
67.11,32.27,7,cluster_c
80.85,39.04,7,cluster_c
95.02,29.62,6,cluster_c
88.64,38.11,5,cluster_c
98.86,30.81,6,cluster_c
84.42,24.01,1,cluster_c
100.56,37.45,3,cluster_c
81.37,34.36,4,cluster_c
94.33,26.54,8,cluster_c
73.7,33.55,10,cluster_c
84.74,26.58,6,cluster_c
87.25,27.0,4,cluster_c
97.62,39.78,4,cluster_c
66.82,21.02,2,cluster_c
77.16,29.47,1,cluster_c
81.55,9.68,6,cluster_c
96.08,21.49,0,cluster_c
81.67,34.9,4,cluster_c
82.29,39.04,11,cluster_c
85.98,21.35,6,cluster_c
70.0,29.89,5,cluster_c
74.29,40.72,5,cluster_c
65.19,32.66,8,cluster_c
80.51,24.58,4,cluster_c
74.11,26.47,3,cluster_c
77.79,20.51,6,cluster_c
72.18,36.14,7,cluster_c
95.06,20.45,10,cluster_c
78.83,34.33,8,cluster_c
89.61,30.43,7,cluster_c
79.08,35.09,3,cluster_c
84.05,40.78,12,cluster_c
90.68,40.23,7,cluster_c
90.54,43.62,5,cluster_c
64.12,28.81,6,cluster_c
71.76,21.62,4,cluster_c
67.7,36.39,11,cluster_c
86.75,20.24,6,cluster_c
71.42,31.96,3,cluster_c
89.83,34.92,5,cluster_c
85.04,30.44,11,cluster_c
60.98,32.89,9,cluster_c
76.33,26.51,6,cluster_c
70.8,26.24,2,cluster_c
78.22,15.36,4,cluster_c
85.58,27.35,4,cluster_c
88.99,41.04,3,cluster_c
92.05,17.75,3,cluster_c
85.36,31.8,6,cluster_c
88.65,28.58,8,cluster_c
75.11,25.61,0,cluster_c
86.76,23.93,9,cluster_c
90.1,28.44,6,cluster_c
81.98,28.56,1,cluster_c
94.46,26.03,7,cluster_c
82.91,32.03,6,cluster_c
89.12,23.9,8,cluster_c
81.66,30.27,4,cluster_c
79.55,34.05,2,cluster_c
62.79,28.08,8,cluster_c
77.01,39.6,9,cluster_c
94.03,40.17,6,cluster_c
85.67,25.23,0,cluster_c
84.05,24.6,5,cluster_c
55.15,36.28,5,cluster_c
74.09,21.92,3,cluster_c
71.53,23.2,1,cluster_c
77.9,27.63,8,cluster_c
62.48,26.88,3,cluster_c
83.41,29.63,8,cluster_c
98.38,30.01,7,cluster_c
72.5,29.11,6,cluster_c
101.39,22.02,5,cluster_c
80.19,24.72,7,cluster_c
80.14,30.84,3,cluster_c
87.35,23.49,4,cluster_c
88.47,39.79,3,cluster_c
86.23,29.4,9,cluster_c
81.11,41.88,10,cluster_c
70.27,27.71,3,cluster_c
79.19,17.28,0,cluster_c
90.2,32.39,8,cluster_c
70.95,22.64,5,cluster_c
93.83,30.53,6,cluster_c
91.78,32.66,6,cluster_c
84.27,28.67,10,cluster_c
78.96,24.96,8,cluster_c
89.47,26.7,8,cluster_c
90.77,6.54,0,cluster_c
84.01,23.49,11,cluster_c
83.24,29.29,6,cluster_c
76.2,25.51,6,cluster_c
90.03,19.17,6,cluster_c
75.5,30.6,3,cluster_c
81.44,22.49,5,cluster_c
77.4,18.34,7,cluster_c
51.88,27.37,1,cluster_c
82.57,27.65,8,cluster_c
77.98,28.51,9,cluster_c
75.35,29.79,10,cluster_c
86.62,43.88,7,cluster_c
74.7,37.52,8,cluster_c
77.27,33.78,5,cluster_c
84.98,30.23,5,cluster_c
96.89,33.19,2,cluster_c
82.08,27.91,6,cluster_c
82.4,32.56,0,cluster_c
64.32,39.8,5,cluster_c
93.38,33.69,4,cluster_c
63.11,33.58,7,cluster_c
97.51,28.58,6,cluster_c
61.92,25.75,6,cluster_c
76.49,23.88,10,cluster_c
96.03,22.52,6,cluster_c
75.72,40.39,6,cluster_c
85.97,23.45,9,cluster_c
77.01,43.04,9,cluster_c
73.49,33.69,6,cluster_c
77.79,35.25,5,cluster_c
80.28,25.58,3,cluster_c
